"1LA5RMrS1Vi0HvPcTXljcj0GPJ_8cdn79","24-07-06_11-38-55.jpg"
"1562F1aXAwd7nyFlUQlHnRR_b-AXp4jtg","24-07-06_15-14-51.jpg"
"1AfryMmVM5ttLBLtzGssZdzhpZ42byWZp","24-07-06_21-09-03.jpg"
"18qWLuU_02ox8Suy6apL9jwk95RqFrKw6","24-07-06_21-09-04.jpg"
"19gIKsf_u9yGYvnWy1KiF6lo82u7Fvi6e","24-07-06_21-38-51.jpg"
"1dZ2Xd5b9P_1xAWW98vCmCIC6KS9Ctw_G","24-07-06_21-55-55.jpg"
"1nyOZByEnc2YdBjy8uV4s6Yc7JWM_zy3x","24-07-06_23-26-27.jpg"
"1J-OOuWtnGkIpoeIYIGqOpVX9dpdidNm6","24-07-07_00-29-13.jpg"
"1fyBh7jJDhG0KJgYjJR2WGnTPhWCG_Tkm","24-07-07_01-20-13.jpg"
"1SW3AiDdG-pzIMPJ4AyTL8cbXiP2ftGKd","24-07-07_11-34-35.jpg"
"1s8X-EOVvi5_wH8P2pbtokaAKAXZsp7Kt","24-07-07_11-34-35_1.jpg"
"1hol1Ebi_d4sJdNp4NcjNk7vJerqgPisf","24-07-07_12-13-03.jpg"
"1yDukxoUjE1wbD8KbN51k-HU_ktSXtziE","24-07-07_12-13-04.jpg"
"138tG6Iv8TETkNrL00K4hZ4HmaH2GqlAH","24-07-07_12-13-08.jpg"
"1csRYuKelCZ8wuzHWb0COPJlRnz6lUjzh","24-07-07_12-13-09.jpg"
"1LRyoKihXbC5dtbj1BlGE2vwTDKoM0Ghs","24-07-07_12-13-17.jpg"
"13Qy_TwkqKa_QZUjiX1dUhrxXmpZXiFXP","24-07-07_12-13-23.jpg"
"1J61iKwLKduwF08fUd_RRRY4jMWTS8Wiq","24-07-07_12-13-24.jpg"
"1LiIDvpXP9FXFaJofCNz3E0eanSVGg6Sf","24-07-07_12-13-24_1.jpg"
"12tD3019XwvQeFlBeDAorhV6Rh7bE4R-B","24-07-07_12-13-28.jpg"
"134VzMa8xROJC4WgzkXNXQJWPBc4RuFoy","24-07-07_12-13-35.jpg"
"1tlFm4T9-D9X9Rrj18pv0ofW-fbtaQefE","24-07-07_12-13-44.jpg"
"1lOZHmXjh6sAgZWuBNM8utB2CEE2Ye2E1","24-07-07_12-13-55.jpg"
"1PstdZBhNs1ORyiR7l677m8hGIdWNE4G4","24-07-07_12-13-56.jpg"
"13D5V_NjonEGmDSyjwtgNjxuhgoOR98dM","24-07-07_12-13-56_1.jpg"
"14rkY5ml4u9iQzBS1AJvDEYCd3-FPbZmN","24-07-07_12-13-57.jpg"
"1nW2wYZPEokKQYtnWzaOI3yi8y9rYuC9D","24-07-07_12-14-26.jpg"
"12FgHzFwa6LjA1Egyxp0LpRSe-2bXvfoA","24-07-07_12-14-27.jpg"
"1xCcJOtq8_mrr5_61aQH43aJRljJXTKew","24-07-07_12-14-32.jpg"
"1YdwMv8ZXtJwjD0DyNN5uKPa-UkLAit5c","24-07-07_12-14-41.jpg"
"15Sz4NUpuErRwbrkqBHCicMb-x0NPSBxf","24-07-07_12-14-46.jpg"
"1493fBdoqS6zXty8OKxk9BvRhvvXkDW3u","24-07-07_12-15-00.jpg"
"1R2S7h5-OJ1hUTTQ_xGXQQpmWC6L-gInU","24-07-07_12-15-01.jpg"
"108RosW5ytNfWob26pE8ZJEZ_SE6PHwqa","24-07-07_12-15-08.jpg"
"11uCDYvOYIEe744f8pJ-IaWfaucVPtdLP","24-07-07_12-15-08_1.jpg"
"1iIwfC_IzA3eFtD3sBORtKixRCnC0apKp","24-07-07_12-15-09.jpg"
"1oOAJYfEpeXcpKv4x4MsmTSmM7xu-yFiS","24-07-07_12-15-10.jpg"
"1SGCvVXYKG1k31gZ-lp8SOG8ioLQG2WAE","24-07-07_12-15-37.jpg"
"1Dasn-8UOLSGXjMNk4A8qU22WKho85HxC","24-07-07_12-26-40.jpg"
"1fArqPe-0quU1kpPclGhnWC2QATp9rtX0","24-07-07_13-57-38.jpg"
"1_oF7O6E4f_xVt8RUrmcimMwtML4Zgl5Y","24-07-07_15-34-45.jpg"
"1pGrc4EBR3zt7T7PlWDM6LzTKuF0TxgcT","24-07-07_17-48-29.jpg"
"1G4ZbYVx4X3NXkU3ab0VSzEoqxxNPB2yG","24-07-07_21-26-43.jpg"
"1DEp2aflsPC1zzyrutB2zvaZX-MNnIRP9","24-07-07_21-59-24.jpg"
"1GHlFjlZPgE5U_Wi98ml228Jj7JeSKRFv","24-07-07_21-59-28.jpg"
"1LnyVd1grc3Sq-ZQSqz0HROcUCk371PJN","24-07-07_22-01-23.jpg"
"12eSfa1VEPFs1j3Oj38YFGO8Jx-7TxPYm","24-07-07_22-33-53.jpg"
"1N6jOFlmsyaIR0QxjvXfh569P-4_65jkw","24-07-07_22-57-11.jpg"
"1a7jaMUFLBI2sDxmpCwZgEBChWmgZ4c3c","24-07-07_23-58-28.jpg"
"1K2ijojVXlMB8BRgkGnJpfu-J58w6K5Rp","24-07-08_00-17-28.jpg"
"1o7xaa0RbUqmNXyB_8uDo3gjWl87GZPfR","24-07-08_01-17-06.jpg"
"16mLt8pbetALAhVoXNritky8XNrVLaIT4","24-07-08_11-14-03.jpg"
"1YDFrkOgZGgthWdob1DI1vOxTpLL-jGlb","24-07-08_11-16-40.jpg"
"1k7g0le8G-0i0lsuNlqmnG3Sudmo7GFIE","24-07-08_11-16-46.jpg"
"1WEZbcpRaOPhJmgJHczyfkHW3cYODPVyc","24-07-08_11-21-18.jpg"
"13yquve7fiWqIY3st_sQIY0utOxq-Ge9k","24-07-08_11-22-10.jpg"
"1tFmzpNzt6wXs84NuuIP8hakvNAupx0JZ","24-07-08_11-22-41.jpg"
"1JWXypfcJDvy09mtNOOBvu4TD9dSEFF3E","24-07-08_11-22-52.jpg"
"1oRzMbeIINZjtwNhCGlzHtIZeR75j4WE_","24-07-08_11-23-01.jpg"
"1NeGhGKWY1gFeVJ0MbKAtkAnUEmR30h8j","24-07-08_11-24-00.jpg"
"1YwyROT1t_yrpRzafP0B2fdC8hYZ0Ow8m","24-07-08_11-24-51.jpg"
"1qWWgVcqdbxt0P3Ka08iy9s2feFtkNUWW","24-07-08_11-33-17.jpg"
"1wrJq94dGsvuOIllhnrmRUQykNbLlPEXy","24-07-08_11-33-54.jpg"
"1UPd8GXvdVchJJpX6YRcq4B_wjSYGiNpd","24-07-08_11-33-55.jpg"
"1i2ACs2of893LzToreYDuZ2AQsBO53yJz","24-07-08_11-39-12.jpg"
"1u8wJF01kIH-AwfQEpzEqIHDL6hkTqOS_","24-07-08_12-31-41.jpg"
"1AJq20DsvlESInY3SX-WO3liCFcKz_OTx","24-07-08_12-36-08.jpg"
"1XGl2QkdFats5t7hiWlFrqGHTmvT14Dum","24-07-08_12-37-07.jpg"
"1xObrbQkBJuRjVIPQzLAR6ZBgP4fuokS8","24-07-08_12-38-24.jpg"
"1BRc-8bTVu14msfLviTYCNoKHI6VXh4G9","24-07-08_12-38-40.jpg"
"1K8ff9js-1axDdnn63aIi7Hy_FYdduvBX","24-07-08_12-39-26.jpg"
"1J7IlUwEBNaUtWynIn2DzY1tj7vBpJ5s5","24-07-08_12-40-35.jpg"
"1LsCecUTCPQrl_PoWKjJeLP3nZJ6HnjQI","24-07-08_13-01-30.jpg"
"1OyjuXzkwQw2KURFb7srV8ZJ_N5dBke50","24-07-08_13-15-18.jpg"
"11kCBTKHWYK6jOnHvBM_apDR3-3pcGLtK","24-07-08_13-34-19.jpg"
"1sZTXRZe2U73YiUD2jrz9-qvJHOXU29FM","24-07-08_13-42-20.jpg"
"1E25pQKBG8evG94h1Bm_rDkCWbwOqVpeM","24-07-08_14-04-57.jpg"
"1H8MOwxeNrzNmOu8sbag8M706DvJdDBjw","24-07-08_18-13-00.jpg"
"1z9Hrirdy4RMRK2txBKzQuAIStaFTeDnX","24-07-08_18-16-44.jpg"
"1i29pB1O3NaNUARWgsNtOprs6gY1x318N","24-07-08_18-59-18.jpg"
"1CXFE-34wYuMEZXF7Sto8QYe2vR0EbJO7","24-07-08_19-42-43.jpg"
"1X1msWV2NdSVDLdYIRi9Wqqf0RefwjrHr","24-07-08_21-12-10.jpg"
"13gd-q1ZNXG8NRXzfC0opgonvOPJJfMwM","24-07-08_21-38-16.jpg"
"1MLl4ZYDH9CiVwoWwW41q0gkAm9VwU6i3","24-07-08_21-56-53.jpg"
"1Cp5x9hH7cc50fc6_-Yh0l9EAQWI_K0Qu","24-07-08_21-57-17.jpg"
"1VXUWIck4tR8ked9Qgg6xavVzHGUw959q","24-07-08_21-57-26.jpg"
"1sBf0zsW5cCLFfBg6IGl174t8cPhYYd8i","24-07-08_21-57-37.jpg"
"1YgmI4PoNuYga0OPca-p9EmCEw5gDXZVg","24-07-08_22-00-12.jpg"
"1uZERsUubr29QKrRgBmarLZ49z-3KQHD0","24-07-08_22-00-20.jpg"
"1rFOam-WGLNGUdmBvDO8kRQyloxTsCKXM","24-07-08_22-00-21.jpg"
"1JPkNp5zcOdRm5z6JUSghmGPQ-yF7aU1X","24-07-08_22-02-50.jpg"
"1chxztzpafxfaLCYJ4bd1GM90p5S_clGD","24-07-08_22-04-50.jpg"
"1_cQnm3zOQqU8tLUi9ZOaRZgDH_aNoI-x","24-07-08_23-30-39.jpg"
"1Les5eGb6P1vgHTz-MMX2R2UVz4PgscuD","24-07-08_23-30-57.jpg"
"1YZdRvcOvvYLC34uzD83iO3LGMqNeuHOj","24-07-09_11-10-22.jpg"
"1iGH86JBVpX7jDpv_yg5XvLQ_gxBt-Spx","24-07-09_12-12-11.jpg"
"1mlWdMo8voifRQW4eaXuGhz30M0uErWSQ","24-07-09_14-42-30.jpg"
"1NUOS_NLk0monae5lCA3Qd3Wv4hTrowwM","24-07-09_16-20-49.jpg"
"13IfbJERKSf0fF8GdqwoohqiplAFZ9vK1","24-07-09_16-30-41.jpg"
"1v1XAYWkKEJnFqqWp0HAhWO8SNZJ5Ibgp","24-07-09_17-15-58.jpg"
"1wsZysS8sqizXPtnTeY1bMFcWnnilA95O","24-07-09_17-19-56.jpg"
"1fZMJQeWlWOIE7GN3ziaRQvX7xgScyu-1","24-07-09_17-22-39.jpg"
"1Vvbu_mIiWQYYcNYcKVuS5flyzpqRX0On","24-07-09_17-41-54.jpg"
"1iVp66wLArzSbJbx8aSsph_T5oLmeY-IR","24-07-09_17-49-33.jpg"
"14h9oI-qqPS8j9CBUoTOs3v5fK04gCzI_","24-07-09_18-06-35.jpg"
"1sp3AeM5xJ1cTdZBw9PLkjJ_eU1OQpd5U","24-07-09_18-12-28.jpg"
"1X1jySXMs7O0VIOchnv84USLjZg_tKsGG","24-07-09_18-13-35.jpg"
"1Q5CBb6RknLv4VUp4XdXubsMuXyA0P-yM","24-07-09_18-58-29.jpg"
"1IG5EesrBIjqfem4bGYJZ9pIw73k0uSYc","24-07-09_20-34-42.jpg"
"1X35Av8RSJlye_l0AS-BjsCZ0I0SA8Ndj","24-07-09_20-34-43.jpg"
"15CS3dwiS40iy_y_b6lfDZJ_i4EO15gms","24-07-09_20-35-37.jpg"
"1Uc0GHey0AsJvR5Emuth58KCK9x6noxr1","24-07-09_20-46-44.jpg"
"13ggcsdq6ibZxLkYocwFlhe060a5jOn4b","24-07-09_20-46-45.jpg"
"1Ph1WDW52X0UV92n7LqxhdaV0DJcr3U3q","24-07-09_20-46-45_1.jpg"
"1i1c71LHVaSxYY7pp_zOU6cdJWG0aMjfL","24-07-09_20-54-10.jpg"
"1k_f1azKY9LOAIiHp20E5l6aOz7MyFdXc","24-07-09_20-54-11.jpg"
"17tR-MqJ-t-WoORTabHLZKcbkHgdgcAVY","24-07-09_20-54-12.jpg"
"1bPYQI-C5QH5-PELRsoNkm8DkQnqmqceo","24-07-09_20-54-12_1.jpg"
"19DF17jqNvXPH6j8vRFBOlrqbc6csaw7h","24-07-09_21-02-19.jpg"
"1clyeqd3Y6dJPz3TRDtkld6Mt80_Kd2UY","24-07-09_21-02-19_1.jpg"
"13WIFYmUjUzAjD8D2JzlrgCVhN2pgXE5M","24-07-09_21-02-20.jpg"
"1tDMamk-cGQZte4ADhECIFNtFUIYovk-N","24-07-09_21-02-20_1.jpg"
"1iP9bXSbY0PfJnAFbXH7o-EXJ9g7Gvq8q","24-07-09_21-11-17.jpg"
"1-b9WTn0vEA6IrgC8Ch1-aBUDoKz6sHMK","24-07-09_21-18-37.jpg"
"1ua6Jui7_png8lj9dNQZpKRQyFLCei124","24-07-09_21-32-20.jpg"
"1XB5HxQR7eZxEyGOLRbpCT2Ohztp6ukdA","24-07-09_21-56-11.jpg"
"1Gf6E-1F9CQnyTtvgVah9WPAZQK5BuOVq","24-07-09_21-56-45.jpg"
"1l1KObeTcDAOujle2V1xjQCUA9gBnKv-6","24-07-09_21-56-51.jpg"
"1T84jNpwhVQuqkl_Jv_2CHZpz2ZAeJDrS","24-07-09_21-57-58.jpg"
"1YkkEQcSELpkwd_j6WW50ZuWToJc01eLU","24-07-09_23-09-03.jpg"
"1XpCnxFTk6aL-MRhZuTy6x3G7UfeYUCWw","24-07-09_23-12-39.jpg"
"1IZyHiaharcDSqYWFk8fSo2_nzAd2olwe","24-07-09_23-35-01.jpg"
"1dB3_-KbHJbp5h5OA03S9BFV1A0WlPNAm","24-07-09_23-35-06.jpg"
"17my7f74ZPPXaWIUyXBURsO-dU3-LFm_2","24-07-09_23-35-21.jpg"
"1NEodtRQCvqehuxUoxB8InvIatDDVofdk","24-07-09_23-36-18.jpg"
"1RYRKzGRG_tZJjXvyAIx3VHjdZxn3qSed","24-07-09_23-37-48.jpg"
"1tmkkduT68869JlZvzIhDkawqcSx6l9xf","24-07-09_23-40-10.jpg"
"1Gi36edfewrfBXYCzCIxh9pboCLfLJrqI","24-07-09_23-41-35.jpg"
"1c1WIPvmxZvEUxzGo7CpAubw4HYivouCX","24-07-09_23-45-16.jpg"
"1LOfJy9gAf1zLatEYV5JuknjUOQ_vkMZ2","24-07-10_00-06-23.jpg"
"1O3jhOiKbMRCO3zSCHIfcCM2Qnj5lUnbB","24-07-10_00-06-24.jpg"
"1T3GFN1T5ipZRCdyd93vXJKF_k3WdXo1o","24-07-10_00-07-20.jpg"
"1k0hmBGKdEQ3fGQzG11PyfaUTb95g-uHB","24-07-10_00-08-39.jpg"
"1uKedsWVydUClfm6MjrFTI8B1G19KRxLK","24-07-10_00-08-54.jpg"
"1KFc1AtIkaoBYb8g7S5ook9UJmWXtyho1","24-07-10_00-09-09.jpg"
"18qC0GQVVYq4uwLiK63MzH7-9AEGUxPS7","24-07-10_00-09-26.jpg"
"1iX0_6Iv4Eyc8UvWJqDC8udM_Fs1LiQlx","24-07-10_00-09-41.jpg"
"1gV5CQ5XoVB612-LwFv0koRUxL31m8alH","24-07-10_00-10-09.jpg"
"1nqVozfEnKgQQd1t_8PWn1XATewttbSsW","24-07-10_00-10-28.jpg"
"1CcB-vy_HFTa0LMaLkDwuGNlP4Mh8B0TE","24-07-10_00-10-45.jpg"
"17BRGH3sOShOhUx0ARWkEgDhZEeC_nWpm","24-07-10_00-10-54.jpg"
"1817ip-nm7FeDHPCP5iYxr0XGCHEpucKd","24-07-10_00-11-08.jpg"
"1U3pUyONzXBfFdBdqegUdI4zU62luMBpa","24-07-10_00-11-29.jpg"
"1iRV40ibkXbYBnbboV3uATvKCcmjLYzov","24-07-10_00-12-34.jpg"
"19oWRhGIbNOOLWCyIZsCANIDsvcYEOR_Y","24-07-10_00-12-40.jpg"
"11oM1d2knmINkJJSPM6YR0GZzXkATPOx7","24-07-10_00-14-06.jpg"
"1CzzsMlGNEPpuEDJSLcSel4G-63qBO-OM","24-07-10_00-15-19.jpg"
"1wcw_7wBwX3yRYpSxtkdBSTAx2JA4f-CE","24-07-10_00-15-36.jpg"
"1hoowwkExBz5rxWZFw5rNlaSxLM-8gH11","24-07-10_00-36-29.jpg"
"1JeT9mbGXnE4aN50aK4nauvqO9YKhx4kL","24-07-10_03-31-21.jpg"
"1KwYELgDxm2S32B_3zY4g15nVmgL4BxsK","24-07-10_09-07-42.jpg"
"1S3LIAbHDlEDvuTAsChPWepOHF1qHPyt8","24-07-10_13-36-28.jpg"
"1qzJRAaWwsjM6IHigcven-ECXxkY3Mxwa","24-07-10_14-05-35.jpg"
"1y7uhTIYosx-oH_gEMZ62wsHDtzW1ROnu","24-07-10_14-08-37.jpg"
"1Z0LWVCF9SZkJcAocWF0NlxTZGb-Tk6QR","24-07-10_14-08-42.jpg"
"1nKG5y7tTfdQO0lvZTs89USR1uc4XxcFr","24-07-10_14-08-42_1.jpg"
"1P4d_34M6KCw_9Kwoe_V-eE8X_TcQeCKe","24-07-10_14-08-43.jpg"
"1QKiJs7A4Npf6BUk4nl0A3-JvyAwT7myp","24-07-10_15-05-47.jpg"
"1qJ3ASY7Q7DumiXcmI0OdaTx_MaW6nCRQ","24-07-10_15-09-09.jpg"
"15_HCaphsyZBuEHYnl7umJBMHvo7A5bKy","24-07-10_15-23-55.jpg"
"1NWHoO3IrAks0ZvmR62kqFOhEyCO8L4Eb","24-07-10_15-31-36.jpg"
"1WKmPY4uo8K_0TCFPpxsPLwFCfPkvwGXS","24-07-10_15-39-14.jpg"
"1SsB1An3Pm-nbPu2cSfzrkXLafxQf95N9","24-07-10_16-41-22.jpg"
"1rTYJA19dvJaoveMJFmgohS8RaD2HyhcJ","24-07-10_17-18-08.jpg"
"1Sby0roq5HjUXgHaBZuaUJqtN4H4K8Hxh","24-07-10_17-54-13.jpg"
"15KJXU_bUhSacrH6mqhBPbuZ8E8UqGMPZ","24-07-10_19-49-14.jpg"
"12qswkF0JQtkxlpctRhmVQBoW0OWz1CiG","24-07-10_22-26-20.jpg"
"1z-qnyTUDLHbMw3YFEdHXLP_rAZwGV-3n","24-07-10_22-51-04.jpg"
"1zUwiEvQUPlGD3yYeo78F6PYaCYkTIZcS","24-07-11_00-10-27.jpg"
"1-n8pk3CiBI0nWaz7sLwbqCs3WuxmDJRV","24-07-11_11-50-52.jpg"
"17gjIOPDhzPTagqNcJ7Hc40nPsKH7iOzz","24-07-11_16-04-31.jpg"
"1JwpF29MnmVdwRfctquX5V0rxnsQYle1g","24-07-11_16-28-24.jpg"
"1kwgWcO2jpwNteqH4wF9IKozC7ZBMIEOA","24-07-11_20-47-06.jpg"
"1FlaSHrTSzAn9qCzadLHWGJhjwahOaBZL","24-07-11_21-06-30.jpg"
"1P_5Cr2O69Nb0gZQeOQ1MWinkfcyqM_Zk","24-07-11_21-13-19.jpg"
"1-f3W9AYxKXYVGg5V8DWdjmWHz21CDBT2","24-07-11_21-13-21.jpg"
"1oljxb6LlyxnQ3CfWDNvKwKk10x6ifSrt","24-07-11_21-13-23.jpg"
"1oBP0S9IsIltTaoinCZ3af-vhrwcTzxej","24-07-11_21-17-16.jpg"
"1dceeEHZRLqLmgLTJ5YiPNjiAccypnQ7Q","24-07-11_21-17-20.jpg"
"1Ig5tOopAC8wYO7t9w-tJphq27_RM7dTR","24-07-11_21-17-34.jpg"
"1nncN0GKih0BjBfXO2Vb994_Ab2I_OuKg","24-07-11_21-17-58.jpg"
"13VyCZZmCFmiq_gBEHb3_XV6VLwDvntbB","24-07-11_21-28-12.jpg"
"1HFfUWARhw4bMx8S70hwpNZArV-rTNyVP","24-07-11_21-41-46.jpg"
"1V2RKLgOpcK6hbKEHzTO10qTkUPMDQ-G1","24-07-11_21-47-09.jpg"
"1Qa7SULi16Nir6AgYsCFHRz1rtVKKyak2","24-07-11_21-53-48.jpg"
"16nLSZmVG03iQcxuW7_tWj3BAI2EnU7t9","24-07-11_21-54-36.jpg"
"1uaNXZQ9R94cQ-ElUEPAeb8GIqMITrJoi","24-07-11_21-55-53.jpg"
"1JUmgXb5EZNaU85s5jVmnCiKYtC2_A-6k","24-07-11_21-56-21.jpg"
"1QeWEacwUwLcy75bbIuw7__dqMMT0hQlA","24-07-11_21-56-47.jpg"
"1HJd9EQRZxkycW-rDmwGD2e9iKKtPmdWV","24-07-11_21-57-56.jpg"
"1rduBp1Af_j6gZx-_FyukQq5i_FgZIFbW","24-07-11_22-10-42.jpg"
"1HAoCen997gXAbBsGcMgKNPR0Sg2JYiPp","24-07-11_22-23-51.jpg"
"1E_glFQDJNM6a97NaoDoyMgbs1mhixpPe","24-07-11_22-27-40.jpg"
"10338HglGz9GAEQJ5hoDwV8oRCCHc9v3o","24-07-11_22-35-42.jpg"
"1Jp28DxA6TDdfH2gkRJvqKB2rbgn4VGhL","24-07-11_22-48-23.jpg"
"1MT71-IfWUT-FBNoXtabg67WsNZwchReL","24-07-11_22-49-08.jpg"
"1rVjFMONkecQJdqHG480d7uiGXtA_Z6VU","24-07-11_23-23-04.jpg"
"1UL8yOGv2fByOd_n-TE01kAPt39Hy8q6K","24-07-11_23-25-32.jpg"
"1O737yn9X_DoncBIM_qzfz1bN2rHiSal-","24-07-11_23-25-32_1.jpg"
"1zOagrAIUycuLYePM37iG2JDlR8R0YarP","24-07-11_23-25-33.jpg"
"1RsEah77xYYhj-U9RksYd0SUeCUX61IG7","24-07-11_23-25-33_1.jpg"
"1rwT9IldSPYHArtvzVylQ1UYe53ui_32K","24-07-11_23-25-34.jpg"
"1OR7x6CxA7oVtyGexPEGej35pGmHc9yIe","24-07-11_23-25-37.jpg"
"1WkgKEWkvNWq3Lt5TfC1peJ5hILcFFHZF","24-07-11_23-25-55.jpg"
"1NeTvxacIGymN7l0Qa37sPZd6zdF2uMaR","24-07-11_23-25-58.jpg"
"1676UFujkKMMg3w213DmWX5r_ffmaozV9","24-07-11_23-26-11.jpg"
"17eEvgKFfF68zsyI15T89LtLd-jhlPmUb","24-07-11_23-28-21.jpg"
"1tKlbzHlfpyVtEU41TjGzVU4v-sQiZxzT","24-07-12_00-19-04.jpg"
"1TPYcubLxt9SyGdrwMjYV8hSRZ3B3dabw","24-07-12_02-31-28.jpg"
"1zRKTWzlkotOzpO5TpHa_Owkd2lf5ZTV9","24-07-12_02-31-30.jpg"
"1UVDlLK6iHc3f557NOBno52TpLcnYBfbM","24-07-12_02-31-32.jpg"
"1iOOc0-d7Hde1r3kJT6utcWS636Jd5HfF","24-07-12_02-31-34.jpg"
"1pYYPrLUka4AFam4CM-jRRdN7VWFcb6MM","24-07-12_02-31-36.jpg"
"1oZCcf_VJjcuui7t8hTqfnsyZga9nzAlv","24-07-12_02-31-40.jpg"
"17z5zdDuhBGIYjrp4Ds7hCGair5HW382A","24-07-12_02-31-42.jpg"
"1n480jYeH1Sz53gDAkU7pvAcUqi78RQG1","24-07-12_02-31-44.jpg"
"10bIIQgR1NOGYwlgOCuEasg42DanOkBAY","24-07-12_02-31-48.jpg"
"1fcZiirCpiKyRkCGgnQmjjFtPOHtOyzmA","24-07-12_02-31-52.jpg"
"1h3qFGwQZQnxfSembD1qBbxsTlkJ17wG9","24-07-12_02-31-58.jpg"
"1GHn8Qv_MqPW1k-SXZ0Av75UykOSVpXGm","24-07-12_02-32-28.jpg"
"1n4Lg7_R06rO7CT5VoyrRMZpFgOwr_mx_","24-07-12_02-32-54.jpg"
"15Jw26VPl0SAm6YiLFCN8Kui1v7e3zy3i","24-07-12_02-32-58.jpg"
"1mIBKoJvgSnFLzc08pp7h3w6FPoc8NH84","24-07-12_02-33-00.jpg"
"1xC-Q_-JLvMPk9_7xMvt-Ut3HM6aYo9T1","24-07-12_02-33-04.jpg"
"1e8s4vxbnPD3jCvi-gRLT1o5jdZEq4DcA","24-07-12_02-33-22.jpg"
"1hTBRtFJh6Or0OwL3ZJTZs4A-QOoFOkYw","24-07-12_02-34-00.jpg"
"1Ddaw1rY4NJquhP8fUcGOnZ5KiGgByYxc","24-07-12_02-34-34.jpg"
"13rQtTEDRW8LyAYDN1faFGJ9IyoBwSM0t","24-07-12_02-34-52.jpg"
"1eYt5cF2V9JYqHJoQ-ITxuN4CjyF9mKM3","24-07-12_04-45-38.jpg"
"1bUTaWEM1S8Fr7fyqelvLFwcZkResjIiT","24-07-12_04-45-40.jpg"
"1BGbRMAW6mR9KmX-BthkGL-HqxyvjMMve","24-07-12_04-46-10.jpg"
"1MvkPxhRkOEvoikjfxWWHDMTUVtJR8ASN","24-07-12_04-50-24.jpg"
"12A6aKb4eDWWft3l41r3QAJ51-G6f-orE","24-07-12_04-51-42.jpg"
"1vCh4bxM83kimlFlxf_NSPEYFikdKex62","24-07-12_05-05-58.jpg"
"1d1eN3zNryEu4GQL0vO5pDdkQcmL6FLA2","24-07-12_09-36-34.jpg"
"1kEZ24TKL9g83lEnsQd1oGtuFv5zauch_","24-07-12_09-40-37.jpg"
"1IL89-CqaYu1NdMJ-Tsfwib2ywyh6e5o5","24-07-12_09-40-38.jpg"
"1ynH_6b3wmfo5ADK9kWfG6PRW3pCacDpz","24-07-12_11-00-53.jpg"
"1Hmg7SKcuphylNNvymTMZgZm5NR9pvU9F","24-07-12_11-27-07.jpg"
"1ITCBp7JGue8reumG0X5BxXoPjPz_5UBG","24-07-12_11-27-10.jpg"
"16cWuFPIT6dWQ0cnUYgva-nGmv_oplrHO","24-07-12_11-27-17.jpg"
"1riPgJjF-h7PVX96qYqelraBRxNqjIXQx","24-07-12_12-38-06.jpg"
"1rHvIhHwxKdUISq-xDbBZKVDg8Sp4MEGR","24-07-12_13-19-04.jpg"
"1tf94lVA1KBuFAgAbPf54jV0k4zHjEZ3a","24-07-12_13-32-59.jpg"
"1imGrZ63XnK8NpLe6ugxUGnjzV9X6w1G0","24-07-12_13-41-37.jpg"
"1QZOyERzSTo2hUdqW1Js5jHcoIjPNI-u7","24-07-12_13-41-39.jpg"
"1e2aUo5tFSQUHSmuw1qXmJMQeKSr15Qje","24-07-12_13-41-40.jpg"
"1q-iqGZOS9b0SbZVpNP-2jTJCcWWOmxCU","24-07-12_13-41-50.jpg"
"12m8C_qgZlFHpxt9bUkVtin589Zu6-XQX","24-07-12_13-55-07.jpg"
"1-V2P-xSCgYHoAEMMpHCoB_XhxgaEk8_y","24-07-12_13-55-09.jpg"
"1gzH-LsaYVn9HLrkBZMSNNW2gvmM6NwDk","24-07-12_13-55-11.jpg"
"1Isc1CYYba6pj0NC5CgSfM3Qe2mr1efUg","24-07-12_13-55-27.jpg"
"1omh1rO_Nj5zH7mVoUs6RtK6w0LdXBdm8","24-07-12_13-55-29.jpg"
"1nHPaeVvjMKBZnL34W-4q3VpbV5ZBEpL4","24-07-12_13-56-00.jpg"
"1uGC4cnntHDukARGg6UUmRTtHKkcKmxqG","24-07-12_13-56-05.jpg"
"137y7BE69W9mLrzXN2zqfPuaLzB1l_NRW","24-07-12_13-57-12.jpg"
"13jUAH-rjigu7kZ_cHCpL6aja66c2845D","24-07-12_13-57-56.jpg"
"1xfUH1vIZFuQvoO3lto2FLi-hRyjPyw08","24-07-12_13-59-11.jpg"
"1RSrfidThH0aGdS7MS0fFiHSa_UjsrXn9","24-07-12_14-01-06.jpg"
"1IXjf8LvAnN7AN55a2_E6k-KCt_CG0zVc","24-07-12_14-02-53.jpg"
"15dKzhaWF2_ZLFHfOPsiG6YI8LzEiVIl2","24-07-12_14-04-20.jpg"
"1SJyUAQNBVqEyzOQiM9rqVsW3MsMDacDk","24-07-12_14-07-23.jpg"
"1ZZsrwBDc8_43eTXvE2nZ2kbd0rZwRhQG","24-07-12_14-11-11.jpg"
"1t_4q7u54_Sewe8zRqZ2D8iUN1RUbBBPj","24-07-12_14-14-20.jpg"
"1Hk43vir8_IKHQ9_Y8S5851HpeT8n-dw7","24-07-12_14-14-37.jpg"
"1iD1nfAe2CrKA7RxOQbIHT0iZw2utDhQ3","24-07-12_14-16-42.jpg"
"1DNZ9lD-lcoA0soM5dUgY0AJjj8u13K-0","24-07-12_14-18-11.jpg"
"1ip9zrFDHmvAm6HxvpLUCF4Xq0BZVISJf","24-07-12_14-25-19.jpg"
"10M69nsFy_2LRHLMKoYZ4K-DEgydlxiJ3","24-07-12_14-29-06.jpg"
"1DMwcZ9MPDYlvnpbUTEZjQjAy_r_oO3qi","24-07-12_15-41-52.jpg"
"1xfpbjARJzKTmup9DDm9pvY-Hb5s6RlZC","24-07-12_23-09-09.jpg"
"1lergcYPNrOFLkB09cw9IeXn1XAz8XZwg","24-07-13_00-37-26.jpg"
"1IYWlmU6SIJFUoViVibzIPb3wpuohVp5I","24-07-13_07-15-46.jpg"
"1OboV6QRnI-nJJNzZIv5_r8dN3pzhQQvA","24-07-13_07-16-06.jpg"
"1kBtR2XM06NzB555Pj_ajWdnkmKCZibFV","24-07-13_07-16-12.jpg"
"1EwYnRd5OGYORWp21dJ2UsXjs7LYBWZPX","24-07-13_07-27-04.jpg"
"1Swv7ZOasXn3Go1Got5Fn6yr9ia3L37g5","24-07-13_07-27-06.jpg"
"1urfgfkmDrwTgiQOaBPuYjX-cYJNb0nt-","24-07-13_07-27-08.jpg"
"1UJ5JQecD5HgKK1bJ21jMKM49erdY56qu","24-07-13_07-27-12.jpg"
"1c9WrLvAyRumggSz77gxd9ELeQFmeFpNs","24-07-13_07-27-14.jpg"
"1J8e3Ktn6YDEH56lYwelAXMZJyktMAVrK","24-07-13_07-27-18.jpg"
"19YCnJS4ke9f5FDfnBYoe13nPlwJMFdz2","24-07-13_07-27-20.jpg"
"1q56682yrgvRSyibbutdZHMhJcmNMWdAl","24-07-13_07-27-24.jpg"
"1MsPVHaL8Ce4Xva4Q7LBkh8LUVTGWTm3e","24-07-13_07-27-26.jpg"
"1dXh68CW3UFr9Gra2IxU3qx2beD71rGkg","24-07-13_07-27-28.jpg"
"1XvlX40om5vO8ItrYJKQfySLRQUne6ZUV","24-07-13_07-27-32.jpg"
"18vR-R2GaTTJ9kieloRhIPJUGAiA_Dnv_","24-07-13_07-27-34.jpg"
"1IHnmVro2S3DGOsDAnAnyEURd2GOUjj5i","24-07-13_07-27-36.jpg"
"1LFzdMZoVMo4dOLHlDG4BccoF1TmO8zdO","24-07-13_07-43-30.jpg"
"1sZI6w9CT8cBoJTysx8Z7lQEF-QMcHt62","24-07-13_07-50-34.jpg"
"1m-Y5EELYHyrZ-VKLRFUQ19dDIL_U2weL","24-07-13_07-50-38.jpg"
"1GqPxXQliJqmJugujEM8cK8fb87IWRlEa","24-07-13_08-55-40.jpg"
"17e_u7fOIrrqcO9FQwlX6vDYW_Bbl6klJ","24-07-13_10-10-03.jpg"
"13ZF3SnsWqMMSG1Xcnsilmi_bfswlp7gP","24-07-13_10-50-54.jpg"
"1L980QsTCtMeuYuhEcVTr7IaqUQcLwpeB","24-07-13_10-53-32.jpg"
"1DXdaFnhBvE73ME6ZBeZxllFQnG5uNrVC","24-07-13_11-16-54.jpg"
"1fmBFRLH_mTehZWBLlNeeJDMVNDEiIQ7a","24-07-13_11-16-56.jpg"
"17QO0s1R0uWROLNvuaQ36Kn7dI188ngse","24-07-13_11-17-00.jpg"
"1ZWITeUeEB6pMZymN3l-5rHvki9k7aClk","24-07-13_11-21-00.jpg"
"1bf_SPdUyKoCiAnRI09F2MKoluiyHXzPg","24-07-13_11-21-18.jpg"
"1SNmUzXi1rIiY2Zi9c4ULwI9JGz6tzKwb","24-07-13_11-49-11.jpg"
"1iZTy7VdL2gdkkrmspJAqGhgrBY9O7FmB","24-07-13_12-30-20.jpg"
"1YBPYbgQ36PplAdXKyFXGYZY_Wr3Csf0I","24-07-13_13-38-07.jpg"
"17EeiCb9vWTFfcXvqu8dIAWS7hd4K5aN0","24-07-13_13-38-08.jpg"
"1k1WyDy6XrUVPiDl6n4_tO58ZFaXCKqx7","24-07-13_14-34-57.jpg"
"1NULh15FrtyaIGhyqKJu7NWktG_2Is9j2","24-07-13_14-59-06.jpg"
"100IPFoGzjNjUXjsxZIHqobvIH7uhNtT2","24-07-13_15-53-30.jpg"
"1B8HdyeUcpO3NF6AK3RzjwKtLjg8zSQsi","24-07-13_18-37-12.jpg"
"1Te8Sv0TPVQbofj0bGM9BYV-9HuLe8vaY","24-07-14_10-08-01.jpg"
"1FRtQQstPB_dNb0u5Y298TYsaV-_GJol1","24-07-14_10-11-40.jpg"
"1fR0J1Vup_7xkEoSo5ZlRY3GxL8n0ng7l","24-07-14_10-22-14.jpg"
