Filename,Caption,People,Boat,Location,Category,Unknown,Memory_Story
13dabdef-140c-4f20-93ec-b8e74e8a9d7a.jpg,Sample entry for rally_2023,Gerry Burke,Lady Diva,Portumna,Handling,FALSE,This is a placeholder for a funny story or memory about this day.
20230708_160733.jpg,Sample entry for rally_2023,Gerry Burke,Affaja,Portumna,Handling,FALSE,This is a placeholder for a funny story or memory about this day.
20230708_173102.jpg,Sample entry for rally_2023,Emily Moore,Affaja,Portumna,Handling,FALSE,This is a placeholder for a funny story or memory about this day.
20230708_181638.jpg,Sample entry for rally_2023,Emily Moore,Carna Bay,Terryglass,Sailing,FALSE,This is a placeholder for a funny story or memory about this day.
20230709_010129.jpg,Sample entry for rally_2023,Emily Moore,Lady Diva,Terryglass,Junior,FALSE,This is a placeholder for a funny story or memory about this day.
20230709_134357.jpg,,,,,,TRUE,
20230709_160808.jpg,,,,,,TRUE,
20230709_162639.jpg,,,,,,TRUE,
20230709_162644.jpg,,,,,,TRUE,
20230709_162650.jpg,,,,,,TRUE,
20230709_162706(0).jpg,,,,,,TRUE,
20230709_162706.jpg,,,,,,TRUE,
20230709_162708.jpg,,,,,,TRUE,
20230709_162710.jpg,,,,,,TRUE,
20230709_162711.jpg,,,,,,TRUE,
20230709_162712.jpg,,,,,,TRUE,
20230709_162713(0).jpg,,,,,,TRUE,
20230709_162713.jpg,,,,,,TRUE,
20230709_162714.jpg,,,,,,TRUE,
20230709_163919.jpg,,,,,,TRUE,
20230709_165000.jpg,,,,,,TRUE,
20230710_090645.jpg,,,,,,TRUE,
20230710_090648.jpg,,,,,,TRUE,
20230710_101636.jpg,,,,,,TRUE,
20230710_101638.jpg,,,,,,TRUE,
20230710_111610.jpg,,,,,,TRUE,
20230710_111611.jpg,,,,,,TRUE,
20230710_113029.jpg,,,,,,TRUE,
20230710_113048.jpg,,,,,,TRUE,
20230710_113049.jpg,,,,,,TRUE,
20230710_113050.jpg,,,,,,TRUE,
20230710_123944.jpg,,,,,,TRUE,
20230710_124028.jpg,,,,,,TRUE,
20230710_124753.jpg,,,,,,TRUE,
20230710_124755.jpg,,,,,,TRUE,
20230710_124812.jpg,,,,,,TRUE,
20230710_194231.jpg,,,,,,TRUE,
20230710_194232.jpg,,,,,,TRUE,
20230710_194235.jpg,,,,,,TRUE,
20230710_194236.jpg,,,,,,TRUE,
20230710_194314.jpg,,,,,,TRUE,
20230710_194315.jpg,,,,,,TRUE,
20230710_194349.jpg,,,,,,TRUE,
20230710_194351.jpg,,,,,,TRUE,
20230710_194354.jpg,,,,,,TRUE,
20230710_194428.jpg,,,,,,TRUE,
20230710_194430.jpg,,,,,,TRUE,
20230710_194436.jpg,,,,,,TRUE,
20230710_194526.jpg,,,,,,TRUE,
20230710_194528.jpg,,,,,,TRUE,
20230710_194614.jpg,,,,,,TRUE,
20230710_194616.jpg,,,,,,TRUE,
20230710_194657.jpg,,,,,,TRUE,
20230710_194659.jpg,,,,,,TRUE,
20230710_194703.jpg,,,,,,TRUE,
20230710_194705.jpg,,,,,,TRUE,
20230710_194752.jpg,,,,,,TRUE,
20230710_194755.jpg,,,,,,TRUE,
20230710_194801.jpg,,,,,,TRUE,
20230710_194802.jpg,,,,,,TRUE,
20230710_194812.jpg,,,,,,TRUE,
20230710_194904.jpg,,,,,,TRUE,
20230710_194929.jpg,,,,,,TRUE,
20230710_195016.jpg,,,,,,TRUE,
20230710_195019.jpg,,,,,,TRUE,
20230710_195027.jpg,,,,,,TRUE,
20230710_195028.jpg,,,,,,TRUE,
20230710_195117.jpg,,,,,,TRUE,
20230710_195123.jpg,,,,,,TRUE,
20230710_195124.jpg,,,,,,TRUE,
20230710_195136.jpg,,,,,,TRUE,
20230710_195306.jpg,,,,,,TRUE,
20230710_195307.jpg,,,,,,TRUE,
20230710_195310.jpg,,,,,,TRUE,
20230710_195312.jpg,,,,,,TRUE,
20230710_202047.jpg,,,,,,TRUE,
20230711_150456.jpg,,,,,,TRUE,
20230711_150607.jpg,,,,,,TRUE,
20230711_151527.jpg,,,,,,TRUE,
20230712_162339.jpg,,,,,,TRUE,
20230712_162341.jpg,,,,,,TRUE,
20230712_162344(1).jpg,,,,,,TRUE,
20230712_162344.jpg,,,,,,TRUE,
20230712_162351(1).jpg,,,,,,TRUE,
20230712_162351.jpg,,,,,,TRUE,
20230712_162354(1).jpg,,,,,,TRUE,
20230712_162354.jpg,,,,,,TRUE,
20230713_195021(1).jpg,,,,,,TRUE,
20230713_195021.jpg,,,,,,TRUE,
20230713_195026.jpg,,,,,,TRUE,
20230714_154251(1).jpg,,,,,,TRUE,
20230714_154251.jpg,,,,,,TRUE,
38c8cb19-4dc2-4f30-80eb-d819e46629b3.jpg,,,,,,TRUE,
452a24aa-c560-4d73-a207-6f6ae12f3c3f.jpg,,,,,,TRUE,
71ae8a5d-dee4-40b9-80ea-740acf9062e7.jpg,,,,,,TRUE,
IMG-20230712-WA0000.jpg,,,,,,TRUE,
IMG-20230712-WA0001.jpg,,,,,,TRUE,
IMG-20230712-WA0015.jpg,,,,,,TRUE,
IMG_0777.jpg,,,,,,TRUE,
IMG_0778.jpg,,,,,,TRUE,
IMG_0779.jpg,,,,,,TRUE,
IMG_0780.jpg,,,,,,TRUE,
IMG_0781.jpg,,,,,,TRUE,
IMG_0784.jpg,,,,,,TRUE,
IMG_0785.jpg,,,,,,TRUE,
IMG_0786.jpg,,,,,,TRUE,
IMG_0787.jpg,,,,,,TRUE,
IMG_0789.jpg,,,,,,TRUE,
IMG_0790.jpg,,,,,,TRUE,
IMG_0791.jpg,,,,,,TRUE,
IMG_0802.jpg,,,,,,TRUE,
IMG_0815.jpg,,,,,,TRUE,
IMG_0818.jpg,,,,,,TRUE,
IMG_0820.jpg,,,,,,TRUE,
IMG_0832.jpg,,,,,,TRUE,
IMG_20230710_134153.jpg,,,,,,TRUE,
IMG_20230710_134156.jpg,,,,,,TRUE,
IMG_20230710_134159.jpg,,,,,,TRUE,
IMG_20230712_215319.jpg,,,,,,TRUE,
IMG_20230712_221709.jpg,,,,,,TRUE,
IMG_20230713_180208.jpg,,,,,,TRUE,
IMG_20230713_180208_1.jpg,,,,,,TRUE,
IMG_20230713_180354_TIMEBURST1.jpg,,,,,,TRUE,
IMG_20230713_180354_TIMEBURST2.jpg,,,,,,TRUE,
IMG_20230713_180354_TIMEBURST3.jpg,,,,,,TRUE,
IMG_20230713_180354_TIMEBURST4.jpg,,,,,,TRUE,
IMG_20230713_180354_TIMEBURST5.jpg,,,,,,TRUE,
IMG_20230713_180354_TIMEBURST6.jpg,,,,,,TRUE,
IMG_20230713_180354_TIMEBURST7.jpg,,,,,,TRUE,
IMG_20230713_180354_TIMEBURST8.jpg,,,,,,TRUE,
IMG_20230713_180354_TIMEBURST9.jpg,,,,,,TRUE,
IMG_2356.jpg,,,,,,TRUE,
IMG_2358.jpg,,,,,,TRUE,
IMG_2360.jpg,,,,,,TRUE,
IMG_2364.jpg,,,,,,TRUE,
IMG_2368.jpg,,,,,,TRUE,
IMG_2369.jpg,,,,,,TRUE,
IMG_2370.jpg,,,,,,TRUE,
IMG_2373.jpg,,,,,,TRUE,
IMG_2375.jpg,,,,,,TRUE,
IMG_2376.jpg,,,,,,TRUE,
IMG_2379.jpg,,,,,,TRUE,
IMG_2382.jpg,,,,,,TRUE,
IMG_2383.jpg,,,,,,TRUE,
IMG_2384.jpg,,,,,,TRUE,
IMG_2385.jpg,,,,,,TRUE,
IMG_2393.jpg,,,,,,TRUE,
IMG_2401.jpg,,,,,,TRUE,
IMG_2403.jpg,,,,,,TRUE,
IMG_2405.jpg,,,,,,TRUE,
IMG_2410.jpg,,,,,,TRUE,
IMG_2412.jpg,,,,,,TRUE,
IMG_2415.jpg,,,,,,TRUE,
IMG_2500.jpg,,,,,,TRUE,
IMG_2504.jpg,,,,,,TRUE,
IMG_2513.jpg,,,,,,TRUE,
IMG_2520.jpg,,,,,,TRUE,
IMG_2524.jpg,,,,,,TRUE,
IMG_2527.jpg,,,,,,TRUE,
IMG_2529.jpg,,,,,,TRUE,
IMG_2531.jpg,,,,,,TRUE,
IMG_2533.jpg,,,,,,TRUE,
IMG_2535.jpg,,,,,,TRUE,
IMG_2541.jpg,,,,,,TRUE,
IMG_2545.jpg,,,,,,TRUE,
IMG_2547.jpg,,,,,,TRUE,
IMG_2552.jpg,,,,,,TRUE,
IMG_2556.jpg,,,,,,TRUE,
IMG_2562.jpg,,,,,,TRUE,
IMG_2564.jpg,,,,,,TRUE,
IMG_2565.jpg,,,,,,TRUE,
IMG_2567.jpg,,,,,,TRUE,
IMG_2568.jpg,,,,,,TRUE,
IMG_2569.jpg,,,,,,TRUE,
IMG_2571.jpg,,,,,,TRUE,
IMG_2573.jpg,,,,,,TRUE,
IMG_2579.jpg,,,,,,TRUE,
IMG_2580.jpg,,,,,,TRUE,
IMG_2581.jpg,,,,,,TRUE,
IMG_2585.jpg,,,,,,TRUE,
IMG_2587.jpg,,,,,,TRUE,
IMG_2590.jpg,,,,,,TRUE,
IMG_2591.jpg,,,,,,TRUE,
IMG_2592.jpg,,,,,,TRUE,
IMG_2593.jpg,,,,,,TRUE,
IMG_2595.jpg,,,,,,TRUE,
IMG_4027.jpg,,,,,,TRUE,
IMG_4032.jpg,,,,,,TRUE,
IMG_4035.jpg,,,,,,TRUE,
IMG_4037.jpg,,,,,,TRUE,
IMG_4042.jpg,,,,,,TRUE,
IMG_4045.jpg,,,,,,TRUE,
IMG_4048.jpg,,,,,,TRUE,
IMG_4050.jpg,,,,,,TRUE,
IMG_4054.jpg,,,,,,TRUE,
IMG_4074.jpg,,,,,,TRUE,
IMG_4078.jpg,,,,,,TRUE,
IMG_4079.jpg,,,,,,TRUE,
IMG_4080.jpg,,,,,,TRUE,
IMG_4081.jpg,,,,,,TRUE,
IMG_4083.jpg,,,,,,TRUE,
IMG_4084.jpg,,,,,,TRUE,
IMG_4087.jpg,,,,,,TRUE,
IMG_4088.jpg,,,,,,TRUE,
IMG_4089.jpg,,,,,,TRUE,
IMG_4090.jpg,,,,,,TRUE,
IMG_4091.jpg,,,,,,TRUE,
IMG_4092.jpg,,,,,,TRUE,
IMG_4093.jpg,,,,,,TRUE,
IMG_4094.jpg,,,,,,TRUE,
IMG_4096.jpg,,,,,,TRUE,
IMG_4097.jpg,,,,,,TRUE,
IMG_4108.jpg,,,,,,TRUE,
IMG_4115.jpg,,,,,,TRUE,
IMG_4119.jpg,,,,,,TRUE,
IMG_4121.jpg,,,,,,TRUE,
IMG_4125.jpg,,,,,,TRUE,
IMG_4126.jpg,,,,,,TRUE,
IMG_4127.jpg,,,,,,TRUE,
IMG_4134.jpg,,,,,,TRUE,
IMG_4135.jpg,,,,,,TRUE,
IMG_4139.jpg,,,,,,TRUE,
IMG_4143.jpg,,,,,,TRUE,
IMG_4145.jpg,,,,,,TRUE,
IMG_4167.jpg,,,,,,TRUE,
IMG_4169.jpg,,,,,,TRUE,
IMG_4173.jpg,,,,,,TRUE,
IMG_4182.jpg,,,,,,TRUE,
IMG_4183.jpg,,,,,,TRUE,
IMG_4188.jpg,,,,,,TRUE,
IMG_4189.jpg,,,,,,TRUE,
IMG_4191.jpg,,,,,,TRUE,
IMG_4197.jpg,,,,,,TRUE,
IMG_4203.jpg,,,,,,TRUE,
IMG_4209.jpg,,,,,,TRUE,
IMG_4212.jpg,,,,,,TRUE,
IMG_4215.jpg,,,,,,TRUE,
IMG_4218.jpg,,,,,,TRUE,
IMG_4220.jpg,,,,,,TRUE,
IMG_4221.jpg,,,,,,TRUE,
IMG_4224.jpg,,,,,,TRUE,
IMG_4226.jpg,,,,,,TRUE,
IMG_4231.jpg,,,,,,TRUE,
IMG_4236.jpg,,,,,,TRUE,
IMG_4241.jpg,,,,,,TRUE,
IMG_4243.jpg,,,,,,TRUE,
IMG_4252.jpg,,,,,,TRUE,
IMG_4265.jpg,,,,,,TRUE,
IMG_4268.jpg,,,,,,TRUE,
IMG_4269.jpg,,,,,,TRUE,
IMG_4277.jpg,,,,,,TRUE,
IMG_4286.jpg,,,,,,TRUE,
IMG_4293.jpg,,,,,,TRUE,
IMG_4306.jpg,,,,,,TRUE,
IMG_4313.jpg,,,,,,TRUE,
IMG_4316.jpg,,,,,,TRUE,
IMG_4320.jpg,,,,,,TRUE,
IMG_4323.jpg,,,,,,TRUE,
IMG_4328.jpg,,,,,,TRUE,
IMG_4329.jpg,,,,,,TRUE,
IMG_4349.jpg,,,,,,TRUE,
IMG_4380.jpg,,,,,,TRUE,
IMG_4387.jpg,,,,,,TRUE,
IMG_4396.jpg,,,,,,TRUE,
IMG_4398.jpg,,,,,,TRUE,
IMG_4416.jpg,,,,,,TRUE,
IMG_4418.jpg,,,,,,TRUE,
IMG_4420.jpg,,,,,,TRUE,
IMG_5113.jpg,,,,,,TRUE,
IMG_5115.jpg,,,,,,TRUE,
IMG_5117.jpg,,,,,,TRUE,
IMG_5124.jpg,,,,,,TRUE,
IMG_5131.jpg,,,,,,TRUE,
IMG_5139.jpg,,,,,,TRUE,
IMG_5140.jpg,,,,,,TRUE,
IMG_5142.jpg,,,,,,TRUE,
IMG_5143.jpg,,,,,,TRUE,
IMG_5144.jpg,,,,,,TRUE,
IMG_5145.jpg,,,,,,TRUE,
IMG_5148.jpg,,,,,,TRUE,
IMG_5149.jpg,,,,,,TRUE,
IMG_5542.jpg,,,,,,TRUE,
IMG_5543.jpg,,,,,,TRUE,
IMG_5544.jpg,,,,,,TRUE,
IMG_5545.jpg,,,,,,TRUE,
IMG_5546.jpg,,,,,,TRUE,
IMG_5547.jpg,,,,,,TRUE,
IMG_5548.jpg,,,,,,TRUE,
IMG_5549.jpg,,,,,,TRUE,
IMG_5550.jpg,,,,,,TRUE,
IMG_5552.jpg,,,,,,TRUE,
IMG_5553.jpg,,,,,,TRUE,
IMG_5557.jpg,,,,,,TRUE,
IMG_5558.jpg,,,,,,TRUE,
IMG_5559.jpg,,,,,,TRUE,
IMG_5560.jpg,,,,,,TRUE,
IMG_5561.jpg,,,,,,TRUE,
IMG_5562.jpg,,,,,,TRUE,
IMG_5564.jpg,,,,,,TRUE,
IMG_5565.jpg,,,,,,TRUE,
IMG_5568(1).jpg,,,,,,TRUE,
IMG_5568.jpg,,,,,,TRUE,
IMG_5570(1).jpg,,,,,,TRUE,
IMG_5570.jpg,,,,,,TRUE,
IMG_7752.jpg,,,,,,TRUE,
IMG_7767.jpg,,,,,,TRUE,
IMG_7781.jpg,,,,,,TRUE,
IMG_7784.jpg,,,,,,TRUE,
IMG_7786.jpg,,,,,,TRUE,
IMG_7787.jpg,,,,,,TRUE,
IMG_7794.jpg,,,,,,TRUE,
IMG_7798.jpg,,,,,,TRUE,
IMG_7838.jpg,,,,,,TRUE,
IMG_7844.jpg,,,,,,TRUE,
IMG_7847.jpg,,,,,,TRUE,
IMG_8851.jpg,,,,,,TRUE,
IMG_8854.jpg,,,,,,TRUE,
IMG_8855.jpg,,,,,,TRUE,
IMG_8856.jpg,,,,,,TRUE,
IMG_8888.jpg,,,,,,TRUE,
IMG_8890.jpg,,,,,,TRUE,
IMG_8891.jpg,,,,,,TRUE,
IMG_8892.jpg,,,,,,TRUE,
IMG_8894.jpg,,,,,,TRUE,
IMG_8895.jpg,,,,,,TRUE,
IMG_8896.jpg,,,,,,TRUE,
IMG_8898.jpg,,,,,,TRUE,
IMG_8899.jpg,,,,,,TRUE,
IMG_8900.jpg,,,,,,TRUE,
IMG_8901.jpg,,,,,,TRUE,
IMG_8902.jpg,,,,,,TRUE,
IMG_8903.jpg,,,,,,TRUE,
IMG_8904.jpg,,,,,,TRUE,
IMG_8905.jpg,,,,,,TRUE,
IMG_8906.jpg,,,,,,TRUE,
IMG_8907.jpg,,,,,,TRUE,
IMG_8908.jpg,,,,,,TRUE,
IMG_8910.jpg,,,,,,TRUE,
IMG_8912.jpg,,,,,,TRUE,
IMG_8914.jpg,,,,,,TRUE,
IMG_8915.jpg,,,,,,TRUE,
IMG_8916.jpg,,,,,,TRUE,
IMG_8917.jpg,,,,,,TRUE,
IMG_8921.jpg,,,,,,TRUE,
IMG_8922.jpg,,,,,,TRUE,
IMG_8934.jpg,,,,,,TRUE,
IMG_8935.jpg,,,,,,TRUE,
IMG_8936.jpg,,,,,,TRUE,
IMG_8937.jpg,,,,,,TRUE,
IMG_8938.jpg,,,,,,TRUE,
IMG_8939.jpg,,,,,,TRUE,
IMG_8940.jpg,,,,,,TRUE,
IMG_8941.jpg,,,,,,TRUE,
IMG_8943.jpg,,,,,,TRUE,
IMG_8946.jpg,,,,,,TRUE,
IMG_8947.jpg,,,,,,TRUE,
IMG_8948.jpg,,,,,,TRUE,
IMG_8949.jpg,,,,,,TRUE,
IMG_8950.jpg,,,,,,TRUE,
IMG_8951.jpg,,,,,,TRUE,
IMG_8952.jpg,,,,,,TRUE,
IMG_8955.jpg,,,,,,TRUE,
IMG_8956.jpg,,,,,,TRUE,
IMG_8957.jpg,,,,,,TRUE,
IMG_8958.jpg,,,,,,TRUE,
IMG_8959.jpg,,,,,,TRUE,
IMG_8960.jpg,,,,,,TRUE,
IMG_8961.jpg,,,,,,TRUE,
IMG_8962.jpg,,,,,,TRUE,
IMG_8963.jpg,,,,,,TRUE,
IMG_8964.jpg,,,,,,TRUE,
IMG_8965.jpg,,,,,,TRUE,
IMG_8966.jpg,,,,,,TRUE,
IMG_8967.jpg,,,,,,TRUE,
IMG_8968.jpg,,,,,,TRUE,
IMG_8969.jpg,,,,,,TRUE,
IMG_8973.jpg,,,,,,TRUE,
IMG_8974.jpg,,,,,,TRUE,
IMG_8975.jpg,,,,,,TRUE,
IMG_8976.jpg,,,,,,TRUE,
IMG_8977.jpg,,,,,,TRUE,
IMG_9019.jpg,,,,,,TRUE,
IMG_9314.jpg,,,,,,TRUE,
IMG_9315.jpg,,,,,,TRUE,
IMG_9316.jpg,,,,,,TRUE,
IMG_9317.jpg,,,,,,TRUE,
IMG_9326.jpg,,,,,,TRUE,
PHOTO-2023-07-15-20-28-29 2.jpg,,,,,,TRUE,
PHOTO-2023-07-15-20-28-29 3.jpg,,,,,,TRUE,
PHOTO-2023-07-15-20-32-46.jpg,,,,,,TRUE,
PHOTO-2023-07-16-19-58-10.jpg,,,,,,TRUE,
PHOTO-2023-07-16-19-58-20.jpg,,,,,,TRUE,
PHOTO-2023-07-16-19-58-28.jpg,,,,,,TRUE,
Snapchat-2118534727.jpg,,,,,,TRUE,
_storage_emulated_0_Android_media_com.whatsapp_WhatsApp_Media_WhatsApp Images_IMG-20230708-WA0022.jpg,,,,,,TRUE,
a69ef16e-431d-48cd-bc8b-1ee5591f8049.jpg,,,,,,TRUE,
b02026ee-2d27-4c0d-b236-b1e41153eb67.jpg,,,,,,TRUE,
b2e6f196-a917-49ea-abac-3a6f634f33e6.jpg,,,,,,TRUE,
ba024320-6bc1-467a-94ae-deea321bc578.jpg,,,,,,TRUE,
f567f129-2f13-42a3-bc2f-1b916cb6bac5.jpg,,,,,,TRUE,
